number,label
18817005,N
8c46415b,N
987963cf,N
c8a483e7,L
1f4f59d2,N
abfb42ea,N
1d80a72c,N
86dc4d04,L
4d58d526,N
c128b06b,H
72b606b3,N
9b35f308,N
013f131b,N
2dedfa13,N
3f645c51,N
3eabde82,N
c8db74ea,N
676d2b0c,N
d959cc38,L
5a92fc3a,N
182683f2,N
8810a586,L
84124874,N
bfee608e,N
4cfbfa0e,N
0a7be0f0,H
c87afd91,L
00177dc1,L
b4104846,N
1210b112,N
654fe7cf,L
6c75dc76,L
8f7f8c8e,L
7b2630b4,N
6a42207a,N
0d1f33c1,N
80f5f267,N
e9edadfc,L
5e5b0ac7,N
0a6d27e0,N
4b186ab4,N
86d2e0e0,L
499e3a2a,L
171adbe3,N
1936651f,N
9bda8224,L
bade34a5,N
0a91e231,N
0667311a,L
3306960e,N
7ab78817,L
1e02bb1f,L
5a435898,L
92b63a17,N
5853736a,N
5f82edbb,N
4f672ed2,N
99156be5,N
8c74a7e8,N
1d3cc3d6,N
c8ca791d,N
aa6446a7,N
086aabe2,N
c2e7e528,N
ccad047b,N
89307753,L
c22ed7b6,H
d02b72c7,N
11163723,N
53841436,N
09e8a89e,L
ea649302,L
12b2c369,N
057d971b,N
49b8a7b3,H
207c1567,N
d1a41bbe,N
5c05d09a,N
efc59e50,L
697775d5,L
8c550be9,N
991e2adf,N
b64f0b4f,L
0208b16b,N
a068001c,L
864cf355,N
26807d55,N
7995e572,N
384deb54,N
30c86c8c,L
3d3710c8,N
68c7000b,H
c7506622,N
7569f981,N
2f4e7122,N
9893e8c9,N
adddaed3,N
52c148ba,N
e3ba4ed6,L
1b14457a,N
73095bf2,L
9cea1212,N
60d6902d,L
3fb574ab,L
3843a790,N
cd9c23ef,N
cfdf3457,N
ad92959c,N
c0a0d84c,N
44f5120f,N
f911df0e,L
bcd61bc9,N
0247bd99,N
8976e1cb,N
0bd29b81,L
132c76cd,L
03caeae7,H
389b2885,N
50f6061f,L
cb8d431e,N
f7dba245,L
5e481671,N
98f859ee,N
68a9faf1,L
780edf3f,N
242ab697,N
0c6d2122,N
67ff36c4,L
fd48b23a,H
abdbfac6,L
8e19dc3c,N
b71e76cf,N
b3752d6c,N
48d9c998,N
d5a90a8f,L
bc5c84e1,N
1f6075d5,N
af8d1e1b,N
28c2163f,N
104d8f20,N
89a15523,L
0001f2fd,L
2bed0cb7,H
4a68a22f,N
76b74f14,N
8d150259,N
a9843ce6,N
0fa53b63,N
20ecec1b,N
1fdf2621,N
7498cf6c,N
cd1b7cc2,N
28c40b9c,N
df89effe,L
4a9f1507,N
be88d078,N
eb47b635,L
a19fd81b,N
2c6ee0cd,N
87a8aa95,N
28c87d8b,N
352f78f4,N
9d1c869c,N
b596b7d8,N
db1573ac,L
4684b88f,N
56012e50,L
a620760b,N
4811d16e,N
a34f926f,L
0297dfdf,L
d2aba049,N
de0cc33b,L
7b08d556,N
880677c8,N
31799c29,N
9dadd2af,N
1d67a783,L
7af39a00,N
8d047669,N
6009e5ff,L
9f4de4a0,N
980bc1cc,N
1056bec6,N
6789a373,N
9fd132a1,N
2fd9a21b,L
897ed03d,L
385d4825,N
15bc4979,L
8270822e,L
2a86c944,L
628466c4,N
075c138b,N
4f10459b,N
78381bcc,L
5b8cda4b,N
dce83223,H
a27f33ea,L
37f018dd,N
5726e62c,N
88bd5115,N
8f76c8ec,L
3f92bc07,N
3c2ae11c,L
6b89dac3,N
16a303c0,L
5dca1564,N
c2f152a8,N
8d89c388,N
3a176ff7,N
32293ed8,L
4ab491c2,N
a3f48972,N
72a250be,N
a1b1e760,N
07e1aefa,N
11fca918,N
a4effb86,L
6e57e232,L
2f7f97e7,N
b13ed154,N
6db80968,L
cce5db1e,N
cbf4fd5c,L
ae3e7ee4,N
c1368827,L
05b16ea2,H
d3316e8b,L
7f5e271c,N
4d001ef9,N
d1aa60c7,N
1ec0b624,N
05610ce4,L
fd52bb91,L
28304cc2,N
93dcaa7b,N
6e251c2e,N
258e476b,N
3017e992,N
8a5715f4,N
5d6b929c,N
a062204d,N
9b5fd9f0,L
bf796d7a,N
c43ba034,N
b402423c,L
3b7c58cf,L
609720d7,N
2896dbe7,N
5dd4866f,N
3e4bbf41,N
c4f97dc4,L
80aa05a6,N
9fe944fa,N
f9d431e8,L
ca19131d,N
aa1e670f,N
5a0927ad,N
965089a7,N
b15a92d3,N
21ee0d83,N
26d5bdf3,N
5af7fc35,N
59ce0c46,L
278a6808,N
75ca8963,L
01a1b150,N
27cb2979,N
32d9abcf,N
4af6cdc2,N
22c3ec15,N
1607405b,L
b951733d,L
18c4f707,N
cbbbc613,N
6af11d0d,L
50c5df9a,N
23dc65ac,N
99bd78b1,N
971bea50,N
83c09fb8,H
d19b6ed3,N
ae03763b,L
28f79956,N
b88fbe41,N
4a6634be,N
6ab8cb61,L
aac6a583,N
ba9169ed,N
90b49549,N
a98b7db3,N
95f8a681,L
6597a10b,N
f1cf7318,L
809b6e9a,L
66e5b322,L
d2303aec,N
9a5b0194,N
5a5f63bc,N
885f4e4b,N
8e16c62e,N
89d5b91d,L
6d3d782c,L
672052fa,H
b6ac41e8,N
fa88bb1f,L
6921af70,N
407375b4,N
106e4b2b,N
5b74a697,H
d56c24e3,L
eb7be958,L
48dd3244,N
e975c8a7,L
08c6700a,N
10ec08d8,H
45248f69,N
e4037620,L
4ccf9c2a,N
b92d713a,N
f2c58f90,L
2f3eaeb0,N
0faf7704,N
89e01515,N
6f0929dc,N
8bb09260,N
9e3d5fee,N
2b6c4ffe,L
5bf303a1,N
6812a70f,N
1b7a51a1,L
271a3f20,N
00b3a048,L
5ecc1e8f,N
